{"assets/.DS_Store":["assets/.DS_Store"],"assets/History.png":["assets/History.png"],"assets/Report.png":["assets/Report.png"],"assets/Setting.png":["assets/Setting.png"],"assets/Task.png":["assets/Task.png"],"assets/absence.png":["assets/absence.png"],"assets/add.png":["assets/add.png"],"assets/fonts/Raleway-Regular.ttf":["assets/fonts/Raleway-Regular.ttf"],"assets/logodepan.png":["assets/logodepan.png"],"assets/logoo.jpg":["assets/logoo.jpg"],"assets/photouser_default.jpeg":["assets/photouser_default.jpeg"],"packages/cupertino_icons/assets/CupertinoIcons.ttf":["packages/cupertino_icons/assets/CupertinoIcons.ttf"],"packages/flutter_google_places/assets/google_black.png":["packages/flutter_google_places/assets/google_black.png"],"packages/flutter_google_places/assets/google_white.png":["packages/flutter_google_places/assets/google_white.png"]}